word,userId,week,year,count,globalWeek
nin,161d4a8dcd,32,2024,19,202432
an,161d4a8dcd,32,2024,8,202432
aliran,161d4a8dcd,32,2024,6,202432
dejvid,161d4a8dcd,32,2024,7,202432
hefba,161d4a8dcd,32,2024,4,202432
hvor,ae787c8dcb,32,2024,1,202432
er,ae787c8dcb,32,2024,1,202432
aliran,ae787c8dcb,32,2024,1,202432
suil,161d4a8dcd,32,2024,2,202432
suil,ae787c8dcb,32,2024,2,202432
vinur,ae787c8dcb,32,2024,3,202432
se,ae787c8dcb,32,2024,1,202432
ya,ae787c8dcb,32,2024,5,202432
hef,ae787c8dcb,32,2024,4,202432
mjog,ae787c8dcb,32,2024,1,202432
xag,ae787c8dcb,32,2024,3,202432
ohhhh,ae787c8dcb,32,2024,1,202432
aliran,ae787c8dcb,32,2024,4,202432
er,ae787c8dcb,32,2024,28,202432
dejvid,ae787c8dcb,32,2024,5,202432
der,ae787c8dcb,32,2024,1,202432
ninnin,161d4a8dcd,32,2024,2,202432
og,161d4a8dcd,32,2024,6,202432
ar,161d4a8dcd,32,2024,2,202432
ardehotte,161d4a8dcd,32,2024,1,202432
xag,161d4a8dcd,32,2024,3,202432
faxaotte,161d4a8dcd,32,2024,1,202432
har,161d4a8dcd,32,2024,3,202432
henianba,161d4a8dcd,32,2024,3,202432
hvar,161d4a8dcd,32,2024,5,202432
er,161d4a8dcd,32,2024,12,202432
atu,161d4a8dcd,32,2024,4,202432
henianote,161d4a8dcd,32,2024,4,202432
nei,ae787c8dcb,32,2024,8,202432
hvar,ae787c8dcb,32,2024,3,202432
henianba,ae787c8dcb,32,2024,2,202432
i,ae787c8dcb,32,2024,8,202432
hafid,ae787c8dcb,32,2024,6,202432
mana,161d4a8dcd,32,2024,5,202432
i,161d4a8dcd,32,2024,1,202432
hafid,161d4a8dcd,32,2024,4,202432
finn,ae787c8dcb,32,2024,1,202432
thorskur,ae787c8dcb,32,2024,2,202432
og,ae787c8dcb,32,2024,14,202432
ysa,ae787c8dcb,32,2024,2,202432
bleikja,ae787c8dcb,32,2024,2,202432
aa,161d4a8dcd,32,2024,3,202432
hafidxag,161d4a8dcd,32,2024,8,202432
hefotte,161d4a8dcd,32,2024,1,202432
ja,ae787c8dcb,32,2024,10,202432
bwana,161d4a8dcd,32,2024,1,202432
eldotte,161d4a8dcd,32,2024,2,202432
fredaew,161d4a8dcd,32,2024,4,202432
nin,ae787c8dcb,32,2024,6,202432
xagote,161d4a8dcd,32,2024,3,202432
hvili,ae787c8dcb,32,2024,5,202432
fredaew,ae787c8dcb,32,2024,6,202432
med,ae787c8dcb,32,2024,4,202432
berri,161d4a8dcd,32,2024,4,202432
havote,161d4a8dcd,32,2024,1,202432
min,ae787c8dcb,32,2024,6,202432
krabba,ae787c8dcb,32,2024,16,202432
hafidxag,ae787c8dcb,32,2024,9,202432
xagote,ae787c8dcb,32,2024,2,202432
med,161d4a8dcd,32,2024,2,202432
ardehote,161d4a8dcd,32,2024,1,202432
mig,ae787c8dcb,32,2024,1,202432
her,ae787c8dcb,32,2024,1,202432
nu,ae787c8dcb,32,2024,1,202432
horote,ae787c8dcb,32,2024,1,202432
ninnin,ae787c8dcb,32,2024,7,202432
makhan,161d4a8dcd,32,2024,1,202432
mequ,161d4a8dcd,32,2024,1,202432
leiotte,ae787c8dcb,32,2024,1,202432
denir,ae787c8dcb,32,2024,3,202432
mequote,ae787c8dcb,32,2024,3,202432
la,161d4a8dcd,32,2024,1,202432
henian,161d4a8dcd,32,2024,1,202432
fiskurbakkeze,ae787c8dcb,32,2024,2,202432
nalaegt,ae787c8dcb,32,2024,2,202432
eld,ae787c8dcb,32,2024,1,202432
sor,ae787c8dcb,32,2024,5,202432
fiskurnaku,ae787c8dcb,32,2024,2,202432
ekkibwana,ae787c8dcb,32,2024,2,202432
bwana,ae787c8dcb,32,2024,5,202432
ekkinalaegt,ae787c8dcb,32,2024,2,202432
fiskurnaku,161d4a8dcd,32,2024,1,202432
fiskur,ae787c8dcb,32,2024,8,202432
fiskur,161d4a8dcd,32,2024,2,202432
aller,ae787c8dcb,32,2024,2,202432
har,ae787c8dcb,32,2024,5,202432
krabba,161d4a8dcd,32,2024,5,202432
hadfidxag,161d4a8dcd,32,2024,1,202432
ekkixagotte,ae787c8dcb,32,2024,1,202432
hafiddyr,ae787c8dcb,32,2024,8,202432
xagotte,ae787c8dcb,32,2024,3,202432
efin,ae787c8dcb,32,2024,2,202432
dyr,ae787c8dcb,32,2024,5,202432
dyr,161d4a8dcd,32,2024,2,202432
hafiddir,161d4a8dcd,32,2024,1,202432
erba,161d4a8dcd,32,2024,4,202432
mana,ae787c8dcb,32,2024,1,202432
erba,ae787c8dcb,32,2024,8,202432
hefote,161d4a8dcd,32,2024,2,202432
aa,ae787c8dcb,32,2024,3,202432
henianote,ae787c8dcb,32,2024,3,202432
min,ae787c8dcb,32,2024,1,202432
yl,161d4a8dcd,32,2024,2,202432
yl,ae787c8dcb,32,2024,1,202432
hafidag,ae787c8dcb,32,2024,1,202432
hm,161d4a8dcd,32,2024,1,202432
rach,161d4a8dcd,32,2024,1,202432
fiskurbakkeze,161d4a8dcd,32,2024,1,202432
runaote,161d4a8dcd,32,2024,3,202432
krabba,ae787c8dcb,32,2024,4,202432
mequi,ae787c8dcb,32,2024,1,202432
eld,161d4a8dcd,32,2024,1,202432
atu,ae787c8dcb,32,2024,3,202432
mequotte,ae787c8dcb,32,2024,1,202432
mequite,ae787c8dcb,32,2024,1,202432
xoo,161d4a8dcd,32,2024,3,202432
mequote,161d4a8dcd,32,2024,1,202432
la,ae787c8dcb,32,2024,1,202432
henian,ae787c8dcb,32,2024,1,202432
dyrialle,161d4a8dcd,32,2024,4,202432
ardehite,ae787c8dcb,32,2024,2,202432
dyrialle,ae787c8dcb,32,2024,3,202432
ardehote,ae787c8dcb,32,2024,1,202432
ardehotte,ae787c8dcb,32,2024,1,202432
adrehite,161d4a8dcd,32,2024,1,202432
eltannote,ae787c8dcb,32,2024,2,202432
iaf,161d4a8dcd,32,2024,2,202432
in,161d4a8dcd,32,2024,1,202432
xooiaf,161d4a8dcd,32,2024,3,202432
eltanote,ae787c8dcb,32,2024,2,202432
bakkeze,161d4a8dcd,32,2024,1,202432
bizkote,161d4a8dcd,32,2024,1,202432
ooo,ae787c8dcb,32,2024,1,202432
xooiaf,ae787c8dcb,32,2024,2,202432
vatn,ae787c8dcb,32,2024,1,202432
yeey,161d4a8dcd,32,2024,1,202432
vatn,161d4a8dcd,32,2024,2,202432
vagn,ae787c8dcb,32,2024,1,202432
suh,161d4a8dcd,32,2024,1,202432
young,161d4a8dcd,32,2024,1,202432
eltanote,161d4a8dcd,32,2024,1,202432
hvir,ae787c8dcb,32,2024,1,202432
mellon,161d4a8dcd,32,2024,1,202432
fred,161d4a8dcd,32,2024,1,202432
suh,ae787c8dcb,32,2024,1,202432
young,ae787c8dcb,32,2024,1,202432
det,ae787c8dcb,32,2024,1,202432
fred,ae787c8dcb,32,2024,1,202432
suil,161d4a8dcd,33,2024,2,202433
ence,161d4a8dcd,33,2024,2,202433
nin,161d4a8dcd,33,2024,19,202433
fred,161d4a8dcd,33,2024,1,202433
atu,161d4a8dcd,33,2024,9,202433
xoo,161d4a8dcd,33,2024,22,202433
pohon,161d4a8dcd,33,2024,3,202433
er,161d4a8dcd,33,2024,14,202433
pohon,a217c2ed08,33,2024,2,202433
xoo,a217c2ed08,33,2024,2,202433
hefote,a217c2ed08,33,2024,3,202433
a,161d4a8dcd,33,2024,2,202433
dejvid,161d4a8dcd,33,2024,2,202433
ekivalan,161d4a8dcd,33,2024,3,202433
bisu,161d4a8dcd,33,2024,3,202433
ninnin,161d4a8dcd,33,2024,17,202433
hefba,161d4a8dcd,33,2024,2,202433
hvir,161d4a8dcd,33,2024,1,202433
hefote,161d4a8dcd,33,2024,7,202433
yeeey,161d4a8dcd,33,2024,1,202433
og,161d4a8dcd,33,2024,14,202433
mana,a217c2ed08,33,2024,9,202433
er,a217c2ed08,33,2024,23,202433
madu,a217c2ed08,33,2024,5,202433
mana,161d4a8dcd,33,2024,4,202433
menutup,161d4a8dcd,33,2024,1,202433
la,161d4a8dcd,33,2024,5,202433
henian,161d4a8dcd,33,2024,5,202433
atu,a217c2ed08,33,2024,10,202433
pisaute,a217c2ed08,33,2024,2,202433
hostate,161d4a8dcd,33,2024,1,202433
pasaute,161d4a8dcd,33,2024,1,202433
pisau,a217c2ed08,33,2024,3,202433
erba,a217c2ed08,33,2024,4,202433
pasauba,a217c2ed08,33,2024,1,202433
pasau,a217c2ed08,33,2024,1,202433
maduba,a217c2ed08,33,2024,1,202433
ekivalan,a217c2ed08,33,2024,5,202433
bisu,a217c2ed08,33,2024,2,202433
bwana,a217c2ed08,33,2024,4,202433
nin,a217c2ed08,33,2024,15,202433
henianote,a217c2ed08,33,2024,1,202433
mentup,a217c2ed08,33,2024,2,202433
kanan,a217c2ed08,33,2024,2,202433
kiri,a217c2ed08,33,2024,1,202433
ah,a217c2ed08,33,2024,1,202433
yeey,a217c2ed08,33,2024,5,202433
kiriba,a217c2ed08,33,2024,1,202433
bukit,a217c2ed08,33,2024,4,202433
sendok,a217c2ed08,33,2024,11,202433
thallan,161d4a8dcd,33,2024,1,202433
duvas,161d4a8dcd,33,2024,2,202433
rach,161d4a8dcd,33,2024,1,202433
thallan,a217c2ed08,33,2024,1,202433
rachdyr,161d4a8dcd,33,2024,8,202433
thallante,161d4a8dcd,33,2024,1,202433
an,161d4a8dcd,33,2024,10,202433
valan,161d4a8dcd,33,2024,1,202433
sendok,161d4a8dcd,33,2024,4,202433
uuuuhhh,161d4a8dcd,33,2024,1,202433
dyr,a217c2ed08,33,2024,18,202433
sendokote,a217c2ed08,33,2024,1,202433
bukit,161d4a8dcd,33,2024,1,202433
teluk,161d4a8dcd,33,2024,1,202433
kananteluk,a217c2ed08,33,2024,1,202433
rodante,161d4a8dcd,33,2024,3,202433
rachedyr,161d4a8dcd,33,2024,1,202433
duvaste,161d4a8dcd,33,2024,4,202433
ninnin,a217c2ed08,33,2024,23,202433
ardehote,a217c2ed08,33,2024,4,202433
ardehote,161d4a8dcd,33,2024,3,202433
bwanaba,161d4a8dcd,33,2024,3,202433
dyr,161d4a8dcd,33,2024,8,202433
xagote,161d4a8dcd,33,2024,3,202433
arwusta,161d4a8dcd,33,2024,9,202433
bizkote,161d4a8dcd,33,2024,3,202433
havas,161d4a8dcd,33,2024,1,202433
atuatu,161d4a8dcd,33,2024,1,202433
madute,161d4a8dcd,33,2024,3,202433
havas,a217c2ed08,33,2024,1,202433
arwusta,a217c2ed08,33,2024,5,202433
yeey,161d4a8dcd,33,2024,8,202433
miw,161d4a8dcd,33,2024,1,202433
tithen,161d4a8dcd,33,2024,3,202433
har,161d4a8dcd,33,2024,2,202433
rodan,161d4a8dcd,33,2024,1,202433
tithen,a217c2ed08,33,2024,3,202433
rach,a217c2ed08,33,2024,1,202433
haha,161d4a8dcd,33,2024,2,202433
namma,a217c2ed08,33,2024,7,202433
duvaste,a217c2ed08,33,2024,4,202433
inki,a217c2ed08,33,2024,3,202433
inki,161d4a8dcd,33,2024,2,202433
vatn,a217c2ed08,33,2024,5,202433
faxxate,a217c2ed08,33,2024,4,202433
heniante,161d4a8dcd,33,2024,1,202433
xag,161d4a8dcd,33,2024,3,202433
faxxate,161d4a8dcd,33,2024,1,202433
naku,a217c2ed08,33,2024,1,202433
hmm,161d4a8dcd,33,2024,1,202433
henianba,161d4a8dcd,33,2024,1,202433
galas,161d4a8dcd,33,2024,8,202433
dyrba,161d4a8dcd,33,2024,1,202433
liantasse,161d4a8dcd,33,2024,1,202433
heniante,a217c2ed08,33,2024,1,202433
runaote,161d4a8dcd,33,2024,5,202433
duvasba,161d4a8dcd,33,2024,2,202433
mei,a217c2ed08,33,2024,4,202433
nabah,a217c2ed08,33,2024,7,202433
hanian,a217c2ed08,33,2024,1,202433
an,a217c2ed08,33,2024,7,202433
galas,a217c2ed08,33,2024,5,202433
runaote,a217c2ed08,33,2024,2,202433
og,a217c2ed08,33,2024,1,202433
rachdyr,a217c2ed08,33,2024,3,202433
duvasba,a217c2ed08,33,2024,1,202433
berri,161d4a8dcd,33,2024,5,202433
aaa,a217c2ed08,33,2024,2,202433
bwana,161d4a8dcd,33,2024,2,202433
gasi,a217c2ed08,33,2024,4,202433
nei,a217c2ed08,33,2024,4,202433
nei,161d4a8dcd,33,2024,1,202433
gasi,161d4a8dcd,33,2024,1,202433
hef,a217c2ed08,33,2024,5,202433
oj,ff5fa5ef0e,33,2024,3,202433
oj,a217c2ed08,33,2024,1,202433
erba,ff5fa5ef0e,33,2024,3,202433
sendok,ff5fa5ef0e,33,2024,8,202433
er,ff5fa5ef0e,33,2024,4,202433
nin,a217c2ed08,33,2024,1,202433
eld,a217c2ed08,33,2024,1,202433
xagba,a217c2ed08,33,2024,1,202433
eld,161d4a8dcd,33,2024,1,202433
bukit,ff5fa5ef0e,33,2024,1,202433
dyr,ff5fa5ef0e,33,2024,1,202433
nin,ff5fa5ef0e,33,2024,2,202433
xagote,a217c2ed08,33,2024,1,202433
wango,b4b55bfa35,33,2024,1,202433
basku,b4b55bfa35,33,2024,1,202433
rangorango,b4b55bfa35,33,2024,1,202433
xagote,b4b55bfa35,33,2024,1,202433
ya,b4b55bfa35,33,2024,1,202433
wango,a217c2ed08,33,2024,2,202433
rango,a217c2ed08,33,2024,1,202433
basku,a217c2ed08,33,2024,1,202433
ya,a217c2ed08,33,2024,1,202433
rangorango,b4b55bfa35,33,2024,1,202433
aa,a217c2ed08,33,2024,2,202433
henian,a217c2ed08,33,2024,2,202433
basku,b4b55bfa35,33,2024,1,202433
ya,b4b55bfa35,33,2024,1,202433
iaf,161d4a8dcd,33,2024,3,202433
xagote,b4b55bfa35,33,2024,1,202433
xooiaf,161d4a8dcd,33,2024,2,202433
berri,b4b55bfa35,33,2024,1,202433
bwana,b4b55bfa35,33,2024,1,202433
hefba,a217c2ed08,33,2024,2,202433
bakkeze,a217c2ed08,33,2024,2,202433
namma,161d4a8dcd,33,2024,1,202433
bakkeze,161d4a8dcd,33,2024,1,202433
xag,a217c2ed08,33,2024,1,202433
faxxote,a217c2ed08,33,2024,2,202433
rachqer,a217c2ed08,33,2024,1,202433
pisao,a217c2ed08,33,2024,1,202433
aa,161d4a8dcd,33,2024,1,202433
pisau,161d4a8dcd,33,2024,1,202433
fred,a217c2ed08,33,2024,1,202433
neiekivalan,161d4a8dcd,33,2024,1,202433
rachba,a217c2ed08,33,2024,6,202433
bizkote,a217c2ed08,33,2024,2,202433
hmmm,161d4a8dcd,33,2024,1,202433
rachba,161d4a8dcd,33,2024,1,202433
vatn,161d4a8dcd,33,2024,2,202433
faxxaote,161d4a8dcd,33,2024,1,202433
dyrialle,a217c2ed08,33,2024,1,202433
dyrialle,161d4a8dcd,33,2024,2,202433
awain,a217c2ed08,33,2024,1,202433
nabah,161d4a8dcd,33,2024,2,202433
fredaew,161d4a8dcd,33,2024,1,202433
erba,161d4a8dcd,33,2024,1,202433
henianba,a217c2ed08,33,2024,1,202433
aiwan,a217c2ed08,33,2024,1,202433
duma,a217c2ed08,33,2024,3,202433
bakeze,a217c2ed08,33,2024,2,202433
nabahba,a217c2ed08,33,2024,1,202433
this,ae787c8dcb,33,2024,1,202433
one,ae787c8dcb,33,2024,1,202433
dejvid,161d4a8dcd,35,2024,1,202435
mana,161d4a8dcd,35,2024,1,202435
er,161d4a8dcd,35,2024,1,202435
fred,a217c2ed08,36,2024,1,202436
atu,a217c2ed08,36,2024,1,202436
ardehote,a217c2ed08,36,2024,1,202436
mana,a217c2ed08,36,2024,1,202436
nin,a217c2ed08,36,2024,1,202436
vinur,a217c2ed08,36,2024,1,202436
faxxate,a217c2ed08,36,2024,1,202436
nakunaku,b4b55bfa35,36,2024,1,202436
nei,b4b55bfa35,36,2024,1,202436
teku,b4b55bfa35,36,2024,1,202436
iznu,b4b55bfa35,36,2024,1,202436
la,b4b55bfa35,36,2024,1,202436
hinna,a217c2ed08,28,2024,2,202428
salam,b4b55bfa35,28,2024,1,202428
ya,b4b55bfa35,28,2024,4,202428
finn,b4b55bfa35,28,2024,1,202428
ne,b4b55bfa35,28,2024,1,202428
aiwan,b4b55bfa35,28,2024,7,202428
sakhtan,b4b55bfa35,28,2024,1,202428
saman,b4b55bfa35,28,2024,1,202428
waktu,b4b55bfa35,28,2024,1,202428
ya,a217c2ed08,28,2024,6,202428
dejvid,a217c2ed08,28,2024,1,202428
ya,ae787c8dcb,28,2024,3,202428
suh,ae787c8dcb,28,2024,1,202428
young,ae787c8dcb,28,2024,1,202428
inja,b4b55bfa35,28,2024,1,202428
aiwanaiwan,b4b55bfa35,28,2024,2,202428
qawwalayla,a217c2ed08,28,2024,2,202428
aiwan,a217c2ed08,28,2024,1,202428
micaze,daaf15193c,28,2024,1,202428
xe,daaf15193c,28,2024,1,202428
bakkeze,b4b55bfa35,28,2024,2,202428
ja,ae787c8dcb,28,2024,1,202428
sakhtan,b4b55bfa35,28,2024,1,202428
micaze,a217c2ed08,28,2024,1,202428
xeugseyyo,a217c2ed08,28,2024,1,202428
xeebit,daaf15193c,28,2024,1,202428
bakeze,daaf15193c,28,2024,1,202428
vi,ae787c8dcb,28,2024,1,202428
veia,ae787c8dcb,28,2024,1,202428
bakku,b4b55bfa35,28,2024,1,202428
aiwan,b4b55bfa35,28,2024,1,202428
frente,b4b55bfa35,28,2024,1,202428
wazku,b4b55bfa35,28,2024,1,202428
shiimayen,b4b55bfa35,28,2024,1,202428
bakkeze,a217c2ed08,28,2024,3,202428
bicse,a217c2ed08,28,2024,1,202428
viscubakkeze,b4b55bfa35,28,2024,1,202428
hef,ae787c8dcb,28,2024,2,202428
veiistng,ae787c8dcb,28,2024,1,202428
fiskur,ae787c8dcb,28,2024,2,202428
fiskur,a217c2ed08,28,2024,1,202428
i,ae787c8dcb,28,2024,1,202428
vatn,ae787c8dcb,28,2024,1,202428
balaxi,daaf15193c,28,2024,1,202428
aivanis,daaf15193c,28,2024,1,202428
sakvebi,daaf15193c,28,2024,1,202428
veiistng,a217c2ed08,28,2024,1,202428
anu,b4b55bfa35,28,2024,1,202428
wana,b4b55bfa35,28,2024,1,202428
wana,a217c2ed08,28,2024,1,202428
krabba,ae787c8dcb,28,2024,5,202428
naku,b4b55bfa35,28,2024,1,202428
it,161d4a8dcd,28,2024,2,202428
pinches,161d4a8dcd,28,2024,1,202428
you,161d4a8dcd,28,2024,1,202428
hurts,161d4a8dcd,28,2024,1,202428
a,161d4a8dcd,28,2024,1,202428
lot,161d4a8dcd,28,2024,1,202428
saprtxe,daaf15193c,28,2024,1,202428
krabba,a217c2ed08,28,2024,1,202428
qida,a217c2ed08,28,2024,1,202428
arwusta,b4b55bfa35,28,2024,2,202428
bey,a217c2ed08,28,2024,2,202428
er,ae787c8dcb,28,2024,2,202428
minn,ae787c8dcb,28,2024,1,202428
shiimayen,a217c2ed08,28,2024,1,202428
they,161d4a8dcd,28,2024,1,202428
look,161d4a8dcd,28,2024,1,202428
very,161d4a8dcd,28,2024,1,202428
angry,161d4a8dcd,28,2024,1,202428
vinur,ae787c8dcb,28,2024,2,202428
akkubeze,b4b55bfa35,28,2024,1,202428
farcite,a217c2ed08,28,2024,1,202428
kryol,b4b55bfa35,28,2024,1,202428
biyaakah,a217c2ed08,28,2024,1,202428
aaaaa,a217c2ed08,28,2024,1,202428
bwana,b4b55bfa35,28,2024,1,202428
ya,b4b55bfa35,29,2024,3,202429
bizku,b4b55bfa35,29,2024,1,202429
aiwan,b4b55bfa35,29,2024,1,202429
aiwan,b4b55bfa35,29,2024,5,202429
bizkotte,b4b55bfa35,29,2024,1,202429
aiwan,a217c2ed08,29,2024,4,202429
dauur,ae787c8dcb,29,2024,2,202429
aiwan,ae787c8dcb,29,2024,2,202429
ya,a217c2ed08,29,2024,1,202429
ardeh,a217c2ed08,29,2024,1,202429
bizkotte,b4b55bfa35,29,2024,2,202429
bizkotte,a217c2ed08,29,2024,1,202429
aiwanaiwan,b4b55bfa35,29,2024,1,202429
bizkotte,ae787c8dcb,29,2024,1,202429
aiwanaiwan,a217c2ed08,29,2024,1,202429
bizkotte,a217c2ed08,29,2024,1,202429
naku,b4b55bfa35,29,2024,1,202429
vi,ae787c8dcb,29,2024,1,202429
urfum,ae787c8dcb,29,2024,1,202429
eld,ae787c8dcb,29,2024,5,202429
balaxi,daaf15193c,29,2024,1,202429
nakotte,b4b55bfa35,29,2024,2,202429
ya,ae787c8dcb,29,2024,4,202429
hef,ae787c8dcb,29,2024,6,202429
eld,b4b55bfa35,29,2024,1,202429
bwanote,b4b55bfa35,29,2024,1,202429
bwanote,ae787c8dcb,29,2024,1,202429
ya,a217c2ed08,29,2024,4,202429
dawa,a217c2ed08,29,2024,1,202429
liyo,a217c2ed08,29,2024,1,202429
eldit,daaf15193c,29,2024,1,202429
aivan,daaf15193c,29,2024,1,202429
vamt,daaf15193c,29,2024,1,202429
forming,161d4a8dcd,29,2024,1,202429
a,161d4a8dcd,29,2024,1,202429
basic,161d4a8dcd,29,2024,1,202429
shelter,161d4a8dcd,29,2024,1,202429
eld,a217c2ed08,29,2024,1,202429
er,ae787c8dcb,29,2024,14,202429
gaman,ae787c8dcb,29,2024,4,202429
makhan,b4b55bfa35,29,2024,1,202429
makhan,ae787c8dcb,29,2024,4,202429
mjg,ae787c8dcb,29,2024,1,202429
krabba,a217c2ed08,29,2024,3,202429
er,a217c2ed08,29,2024,11,202429
gaman,a217c2ed08,29,2024,1,202429
krabba,ae787c8dcb,29,2024,11,202429
ja,ae787c8dcb,29,2024,2,202429
og,ae787c8dcb,29,2024,7,202429
vinur,ae787c8dcb,29,2024,9,202429
makhan,a217c2ed08,29,2024,1,202429
vinur,a217c2ed08,29,2024,1,202429
minn,ae787c8dcb,29,2024,6,202429
kyeru,b4b55bfa35,29,2024,1,202429
sal,b4b55bfa35,29,2024,1,202429
aha,ae787c8dcb,29,2024,1,202429
salt,ae787c8dcb,29,2024,3,202429
hafi,ae787c8dcb,29,2024,1,202429
braggur,ae787c8dcb,29,2024,2,202429
braggur,a217c2ed08,29,2024,1,202429
naku,a217c2ed08,29,2024,1,202429
bwana,b4b55bfa35,29,2024,4,202429
naku,ae787c8dcb,29,2024,1,202429
meqe,a217c2ed08,29,2024,1,202429
bwana,a217c2ed08,29,2024,2,202429
meqe,ae787c8dcb,29,2024,1,202429
mequmequ,b4b55bfa35,29,2024,1,202429
bwanotte,b4b55bfa35,29,2024,1,202429
kraba,daaf15193c,29,2024,1,202429
evamdi,daaf15193c,29,2024,1,202429
j,daaf15193c,29,2024,1,202429
xoo,a217c2ed08,29,2024,3,202429
hef,a217c2ed08,29,2024,10,202429
mequ,b4b55bfa35,29,2024,1,202429
bana,b4b55bfa35,29,2024,1,202429
mequ,ae787c8dcb,29,2024,1,202429
krabbino,b4b55bfa35,29,2024,1,202429
mjog,ae787c8dcb,29,2024,1,202429
bwana,ae787c8dcb,29,2024,1,202429
suil,161d4a8dcd,29,2024,4,202429
bregidh,161d4a8dcd,29,2024,1,202429
nin,161d4a8dcd,29,2024,13,202429
fred,161d4a8dcd,29,2024,1,202429
suh,161d4a8dcd,29,2024,1,202429
young,161d4a8dcd,29,2024,1,202429
suil,ae787c8dcb,29,2024,2,202429
ti,161d4a8dcd,29,2024,1,202429
krabba,161d4a8dcd,29,2024,4,202429
krabba,ae787c8dcb,29,2024,1,202429
nei,ae787c8dcb,29,2024,1,202429
la,161d4a8dcd,29,2024,5,202429
henian,161d4a8dcd,29,2024,4,202429
mana,161d4a8dcd,29,2024,6,202429
vinur,161d4a8dcd,29,2024,4,202429
nei,ae787c8dcb,29,2024,5,202429
thinn,ae787c8dcb,29,2024,1,202429
thetta,ae787c8dcb,29,2024,3,202429
xoo,ae787c8dcb,29,2024,1,202429
xoo,161d4a8dcd,29,2024,3,202429
arwusta,ae787c8dcb,29,2024,3,202429
arwusta,ae787c8dcb,29,2024,1,202429
vinur,ae787c8dcb,29,2024,1,202429
la,ae787c8dcb,29,2024,1,202429
henian,ae787c8dcb,29,2024,1,202429
arwusta,161d4a8dcd,29,2024,1,202429
hvar,ae787c8dcb,29,2024,1,202429
ross,161d4a8dcd,29,2024,3,202429
ross,ae787c8dcb,29,2024,1,202429
aaa,161d4a8dcd,29,2024,1,202429
gwae,161d4a8dcd,29,2024,2,202429
gadin,161d4a8dcd,29,2024,1,202429
eryn,161d4a8dcd,29,2024,6,202429
fred,a217c2ed08,29,2024,1,202429
suil,a217c2ed08,29,2024,2,202429
atu,a217c2ed08,29,2024,2,202429
eryn,a217c2ed08,29,2024,3,202429
faxxaa,a217c2ed08,29,2024,4,202429
yaa,a217c2ed08,29,2024,1,202429
fred,a217c2ed08,29,2024,2,202429
ah,161d4a8dcd,29,2024,2,202429
hef,161d4a8dcd,29,2024,12,202429
faxxaa,161d4a8dcd,29,2024,4,202429
bale,a217c2ed08,29,2024,1,202429
woh,a217c2ed08,29,2024,2,202429
faxxaaba,a217c2ed08,29,2024,1,202429
mm,a217c2ed08,29,2024,2,202429
nin,a217c2ed08,29,2024,13,202429
atu,a217c2ed08,29,2024,6,202429
bakkeze,a217c2ed08,29,2024,5,202429
hanian,161d4a8dcd,29,2024,1,202429
bakkeze,161d4a8dcd,29,2024,4,202429
yeey,a217c2ed08,29,2024,6,202429
hmm,161d4a8dcd,29,2024,1,202429
fred,161d4a8dcd,29,2024,1,202429
atu,161d4a8dcd,29,2024,4,202429
dejvid,161d4a8dcd,29,2024,3,202429
yeey,161d4a8dcd,29,2024,2,202429
dejvid,a217c2ed08,29,2024,1,202429
namma,a217c2ed08,29,2024,1,202429
er,161d4a8dcd,29,2024,6,202429
ar,161d4a8dcd,29,2024,4,202429
namma,161d4a8dcd,29,2024,4,202429
nabah,a217c2ed08,29,2024,2,202429
hefba,a217c2ed08,29,2024,2,202429
ba,161d4a8dcd,29,2024,2,202429
ba,a217c2ed08,29,2024,1,202429
mequba,a217c2ed08,29,2024,2,202429
mequ,161d4a8dcd,29,2024,1,202429
mequ,a217c2ed08,29,2024,1,202429
suh,a217c2ed08,29,2024,1,202429
young,a217c2ed08,29,2024,1,202429
laakin,a217c2ed08,29,2024,1,202429
og,a217c2ed08,29,2024,2,202429
krab,161d4a8dcd,29,2024,2,202429
vircolca,161d4a8dcd,29,2024,2,202429
vircolca,a217c2ed08,29,2024,1,202429
baddi,a217c2ed08,29,2024,2,202429
baddi,161d4a8dcd,29,2024,1,202429
yee,a217c2ed08,29,2024,1,202429
aa,a217c2ed08,29,2024,3,202429
mana,a217c2ed08,29,2024,7,202429
abtam,a217c2ed08,29,2024,1,202429
baaba,a217c2ed08,29,2024,3,202429
bey,a217c2ed08,29,2024,2,202429
liantasse,161d4a8dcd,29,2024,2,202429
gwerin,161d4a8dcd,29,2024,1,202429
toalle,161d4a8dcd,29,2024,3,202429
toalle,a217c2ed08,29,2024,1,202429
ooooh,161d4a8dcd,29,2024,1,202429
nin,a217c2ed08,29,2024,1,202429
ross,a217c2ed08,29,2024,2,202429
xagah,a217c2ed08,29,2024,1,202429
aba,a217c2ed08,29,2024,1,202429
soolis,a217c2ed08,29,2024,1,202429
soolis,161d4a8dcd,29,2024,1,202429
baaba,161d4a8dcd,29,2024,1,202429
bey,161d4a8dcd,29,2024,1,202429
aew,161d4a8dcd,29,2024,6,202429
aew,a217c2ed08,29,2024,3,202429
soolis,a217c2ed08,29,2024,2,202429
aew,ae787c8dcb,29,2024,4,202429
soolis,ae787c8dcb,29,2024,1,202429
dejvid,ae787c8dcb,29,2024,2,202429
mellon,161d4a8dcd,29,2024,4,202429
mellon,a217c2ed08,29,2024,1,202429
atu,ae787c8dcb,29,2024,1,202429
mellon,ae787c8dcb,29,2024,2,202429
mellonkrabba,161d4a8dcd,29,2024,1,202429
mellonaew,161d4a8dcd,29,2024,1,202429
fredaew,a217c2ed08,29,2024,1,202429
berri,a217c2ed08,29,2024,2,202429
xag,a217c2ed08,29,2024,3,202429
finn,a217c2ed08,29,2024,2,202429
finn,ae787c8dcb,29,2024,1,202429
o,ae787c8dcb,29,2024,2,202429
sjaumst,ae787c8dcb,29,2024,1,202429
fred,ae787c8dcb,29,2024,1,202429
agh,b4b55bfa35,29,2024,1,202429
bwazzotte,b4b55bfa35,29,2024,1,202429
bwazzotte,a217c2ed08,29,2024,1,202429
ne,b4b55bfa35,29,2024,2,202429
prasku,b4b55bfa35,29,2024,1,202429
prasku,a217c2ed08,29,2024,1,202429
niku,a217c2ed08,29,2024,1,202429
saanotte,a217c2ed08,29,2024,1,202429
xagotte,a217c2ed08,29,2024,2,202429
xagotte,b4b55bfa35,29,2024,1,202429
mayan,b4b55bfa35,29,2024,1,202429
na,b4b55bfa35,29,2024,1,202429
mayan,a217c2ed08,29,2024,1,202429
la,a217c2ed08,29,2024,1,202429
henian,a217c2ed08,29,2024,1,202429
nei,a217c2ed08,29,2024,1,202429
vatn,ae787c8dcb,29,2024,3,202429
liantasse,ae787c8dcb,29,2024,4,202429
liantasse,a217c2ed08,29,2024,2,202429
fra,ae787c8dcb,29,2024,1,202429
vatn,a217c2ed08,29,2024,1,202429
vatnis,daaf15193c,29,2024,1,202429
aiva,daaf15193c,29,2024,1,202429
vatnis,a217c2ed08,29,2024,1,202429
nin,a217c2ed08,31,2024,6,202431
ardehotte,a217c2ed08,31,2024,2,202431
nei,a217c2ed08,31,2024,2,202431
xag,a217c2ed08,31,2024,3,202431
hef,a217c2ed08,31,2024,1,202431
hefba,a217c2ed08,31,2024,2,202431
faxxaotte,a217c2ed08,31,2024,3,202431
mana,a217c2ed08,31,2024,3,202431
xagotte,a217c2ed08,31,2024,1,202431
nin,161d4a8dcd,31,2024,6,202431
ar,161d4a8dcd,31,2024,6,202431
dejvid,161d4a8dcd,31,2024,4,202431
faxxaotte,161d4a8dcd,31,2024,2,202431
aliran,161d4a8dcd,31,2024,6,202431
an,161d4a8dcd,31,2024,5,202431
ar,a217c2ed08,31,2024,2,202431
er,a217c2ed08,31,2024,3,202431
og,a217c2ed08,31,2024,3,202431
atu,a217c2ed08,31,2024,5,202431
aliran,a217c2ed08,31,2024,2,202431
an,a217c2ed08,31,2024,1,202431
ardehotte,161d4a8dcd,31,2024,4,202431
wakotte,b4b55bfa35,31,2024,1,202431
nei,b4b55bfa35,31,2024,1,202431
bwana,b4b55bfa35,31,2024,1,202431
mana,161d4a8dcd,31,2024,2,202431
la,161d4a8dcd,31,2024,1,202431
henian,161d4a8dcd,31,2024,1,202431
bwana,a217c2ed08,31,2024,1,202431
finn,161d4a8dcd,31,2024,1,202431
bisu,a217c2ed08,31,2024,1,202431
er,161d4a8dcd,31,2024,2,202431
bisu,161d4a8dcd,31,2024,2,202431
yeey,a217c2ed08,31,2024,2,202431
hmm,161d4a8dcd,31,2024,1,202431
bisubakkeze,161d4a8dcd,31,2024,3,202431
bisubakkeze,a217c2ed08,31,2024,1,202431
beyotte,a217c2ed08,31,2024,1,202431
og,161d4a8dcd,31,2024,2,202431
atu,161d4a8dcd,31,2024,2,202431
hefotte,161d4a8dcd,31,2024,2,202431
aa,161d4a8dcd,32,2024,1,202432
ninnin,161d4a8dcd,32,2024,1,202432
nei,161d4a8dcd,32,2024,1,202432
namma,161d4a8dcd,32,2024,1,202432
bakkeze,161d4a8dcd,32,2024,1,202432
vinur,161d4a8dcd,32,2024,1,202432
hefotte,161d4a8dcd,32,2024,1,202432
